Codigo Departamento,Codigo Municipio,Municipio,Total ,Cabeceras,Centros poblados y rural disperso
05,05001,MEDELLÍN,12.8,12.6,22.9
05,05002,ABEJORRAL,40.6,24.1,51.4
05,05004,ABRIAQUÍ,34.8,13.6,45.2
05,05021,ALEJANDRÍA,31.9,15.8,53.7
05,05030,AMAGÁ,22.9,17.7,27.7
05,05031,AMALFI,43.3,26.3,66.3
05,05034,ANDES,40.1,25.2,54.4
05,05036,ANGELÓPOLIS,30.7,22.3,36.1
05,05038,ANGOSTURA,53.8,25.5,62.1
05,05040,ANORÍ,53.3,39.1,66.7
05,05042,SANTA FÉ DE ANTIOQUIA,29.7,19.0,51.2
05,05044,ANZÁ,47.1,24.0,52.4
05,05045,APARTADÓ,28.0,25.4,39.4
05,05051,ARBOLETES,59.1,35.2,72.8
05,05055,ARGELIA,48.7,31.6,62.2
05,05059,ARMENIA,37.7,25.2,44.7
05,05079,BARBOSA,22.2,14.5,29.4
05,05086,BELMIRA,40.8,19.0,50.1
05,05088,BELLO,14.2,13.3,34.6
05,05091,BETANIA,53.6,32.9,67.1
05,05093,BETULIA,53.1,35.2,59.9
05,05101,CIUDAD BOLÍVAR,40.4,30.1,57.7
05,05107,BRICEÑO,55.4,36.2,68.9
05,05113,BURITICÁ,51.3,29.7,59.5
05,05120,CÁCERES,66.4,60.9,67.8
05,05125,CAICEDO,54.6,25.1,62.7
05,05129,CALDAS,16.0,12.1,32.1
05,05134,CAMPAMENTO,59.3,32.3,71.7
05,05138,CAÑASGORDAS,45.3,23.5,56.9
05,05142,CARACOLÍ,35.9,24.9,53.4
05,05145,CARAMANTA,30.5,18.9,40.2
05,05147,CAREPA,34.4,29.2,46.3
05,05148,EL CARMEN DE VIBORAL,18.5,13.0,27.3
05,05150,CAROLINA,20.4,15.9,37.4
05,05154,CAUCASIA,36.0,32.2,63.4
05,05172,CHIGORODÓ,37.7,33.8,58.3
05,05190,CISNEROS,28.8,25.5,50.1
05,05197,COCORNÁ,42.9,25.1,54.8
05,05206,CONCEPCIÓN,33.0,16.8,46.3
05,05209,CONCORDIA,48.5,34.1,59.1
05,05212,COPACABANA,11.6,9.9,19.3
05,05234,DABEIBA,60.5,31.2,79.3
05,05237,DONMATÍAS,19.7,13.2,42.6
05,05240,EBÉJICO,39.1,15.1,44.3
05,05250,EL BAGRE,53.7,43.0,71.1
05,05264,ENTRERRÍOS,23.1,14.1,35.5
05,05266,ENVIGADO,4.9,4.7,9.2
05,05282,FREDONIA,31.6,22.6,37.9
05,05284,FRONTINO,51.3,21.0,71.5
05,05306,GIRALDO,33.4,24.9,38.3
05,05308,GIRARDOTA,13.9,8.4,21.4
05,05310,GÓMEZ PLATA,34.1,22.1,46.9
05,05313,GRANADA,33.4,25.7,44.1
05,05315,GUADALUPE,41.1,23.7,52.1
05,05318,GUARNE,17.0,10.0,22.0
05,05321,GUATAPÉ,11.4,8.4,20.2
05,05347,HELICONIA,37.5,24.3,48.0
05,05353,HISPANIA,36.9,25.5,59.9
05,05360,ITAGÜÍ,10.9,9.5,23.3
05,05361,ITUANGO,57.6,33.7,70.6
05,05364,JARDÍN,28.5,14.3,44.3
05,05368,JERICÓ,25.8,19.2,36.4
05,05376,LA CEJA,11.5,9.6,24.2
05,05380,LA ESTRELLA,9.2,8.8,12.0
05,05390,LA PINTADA,31.2,29.6,43.0
05,05400,LA UNIÓN,23.0,14.8,35.5
05,05411,LIBORINA,43.3,20.8,52.1
05,05425,MACEO,36.0,23.8,44.4
05,05440,MARINILLA,15.4,12.0,25.0
05,05467,MONTEBELLO,39.5,17.6,48.0
05,05475,MURINDÓ,81.5,64.1,90.3
05,05480,MUTATÁ,57.8,41.6,68.4
05,05483,NARIÑO,51.8,28.3,62.8
05,05490,NECOCLÍ,62.7,33.1,73.0
05,05495,NECHÍ,61.5,56.8,67.0
05,05501,OLAYA,33.4,27.6,33.8
05,05541,PEÑOL,20.0,13.7,30.1
05,05543,PEQUE,53.5,30.3,63.0
05,05576,PUEBLORRICO,45.7,27.3,66.3
05,05579,PUERTO BERRÍO,32.1,29.1,51.1
05,05585,PUERTO NARE,33.1,28.2,35.3
05,05591,PUERTO TRIUNFO,29.3,28.5,29.5
05,05604,REMEDIOS,42.1,34.6,49.4
05,05607,RETIRO,11.7,8.3,16.6
05,05615,RIONEGRO,9.5,8.6,11.4
05,05628,SABANALARGA,52.8,34.2,63.5
05,05631,SABANETA,4.5,3.4,11.1
05,05642,SALGAR,49.7,27.3,62.8
05,05647,SAN ANDRÉS CUERQUÍA,48.5,28.6,63.3
05,05649,SAN CARLOS,30.5,26.8,34.2
05,05652,SAN FRANCISCO,46.4,34.0,57.1
05,05656,SAN JERÓNIMO,30.5,19.2,41.6
05,05658,SAN JOSÉ DE LA MONTAÑA,34.0,25.7,54.9
05,05659,SAN JUAN DE URABÁ,61.1,40.4,71.4
05,05660,SAN LUIS,32.4,22.2,47.6
05,05664,SAN PEDRO DE LOS MILAGROS,19.5,11.1,32.8
05,05665,SAN PEDRO DE URABÁ,62.3,40.6,76.8
05,05667,SAN RAFAEL,36.8,25.9,51.4
05,05670,SAN ROQUE,40.8,21.2,51.1
05,05674,SAN VICENTE FERRER,27.8,17.1,32.3
05,05679,SANTA BÁRBARA,28.1,19.0,36.0
05,05686,SANTA ROSA DE OSOS,30.9,17.9,46.2
05,05690,SANTO DOMINGO,41.5,23.7,47.5
05,05697,EL SANTUARIO,22.0,18.0,35.2
05,05736,SEGOVIA,42.8,37.3,67.1
05,05756,SONSÓN,37.9,24.6,51.1
05,05761,SOPETRÁN,28.7,18.8,37.5
05,05789,TÁMESIS,36.6,24.0,47.0
05,05790,TARAZÁ,53.5,46.6,62.0
05,05792,TARSO,42.6,32.9,55.5
05,05809,TITIRIBÍ,30.3,23.8,36.3
05,05819,TOLEDO,53.5,24.2,68.9
05,05837,TURBO,49.9,42.6,54.8
05,05842,URAMITA,55.6,39.8,62.5
05,05847,URRAO,46.1,31.2,63.4
05,05854,VALDIVIA,59.3,35.5,68.4
05,05856,VALPARAÍSO,25.9,16.8,39.0
05,05858,VEGACHÍ,41.0,32.6,58.8
05,05861,VENECIA,25.8,19.7,31.0
05,05873,VIGÍA DEL FUERTE,76.1,65.5,82.6
05,05885,YALÍ,44.0,26.5,60.8
05,05887,YARUMAL,33.8,26.6,53.4
05,05890,YOLOMBÓ,45.0,26.8,53.6
05,05893,YONDÓ,46.3,40.9,52.7
05,05895,ZARAGOZA,58.0,45.1,69.1
08,08001,BARRANQUILLA,17.4,17.4,55.7
08,08078,BARANOA,33.5,32.7,37.6
08,08137,CAMPO DE LA CRUZ,64.6,65.6,58.2
08,08141,CANDELARIA,52.0,52.0,52.1
08,08296,GALAPA,23.8,22.8,43.1
08,08372,JUAN DE ACOSTA,36.7,38.8,32.7
08,08421,LURUACO,55.4,50.5,60.4
08,08433,MALAMBO,30.0,29.1,44.1
08,08436,MANATÍ,48.4,47.0,61.7
08,08520,PALMAR DE VARELA,36.0,35.4,54.4
08,08549,PIOJÓ,45.2,42.9,47.4
08,08558,POLONUEVO,30.5,27.9,43.6
08,08560,PONEDERA,46.7,42.9,51.8
08,08573,PUERTO COLOMBIA,14.4,13.5,20.7
08,08606,REPELÓN,54.6,55.2,53.3
08,08634,SABANAGRANDE,31.9,30.6,59.8
08,08638,SABANALARGA,36.5,29.4,57.4
08,08675,SANTA LUCÍA,47.2,46.0,54.6
08,08685,SANTO TOMÁS,25.8,24.1,61.7
08,08758,SOLEDAD,18.6,18.5,81.7
08,08770,SUAN,43.8,43.3,55.6
08,08832,TUBARÁ,32.8,30.3,35.5
08,08849,USIACURÍ,32.7,31.1,58.4
11,11001,BOGOTÁ,9.0,8.9,31.5
13,13001,CARTAGENA DE INDIAS,19.9,18.1,36.8
13,13006,ACHÍ,62.4,47.6,67.0
13,13030,ALTOS DEL ROSARIO,70.7,69.2,71.8
13,13042,ARENAL,62.0,60.6,64.3
13,13052,ARJONA,47.4,46.9,49.6
13,13062,ARROYOHONDO,68.4,65.7,72.2
13,13074,BARRANCO DE LOBA,68.9,64.9,71.6
13,13140,CALAMAR,62.5,55.3,72.0
13,13160,CANTAGALLO,50.6,35.2,68.6
13,13188,CICUCO,61.3,59.3,65.2
13,13212,CÓRDOBA,61.9,67.4,59.7
13,13222,CLEMENCIA,63.0,61.2,73.2
13,13244,EL CARMEN DE BOLÍVAR,58.4,51.6,77.6
13,13248,EL GUAMO,59.5,59.4,59.7
13,13268,EL PEÑÓN,67.7,55.6,75.0
13,13300,HATILLO DE LOBA,73.8,65.2,77.0
13,13430,MAGANGUÉ,49.1,44.0,60.3
13,13433,MAHATES,54.3,59.3,51.0
13,13440,MARGARITA,65.6,53.2,68.0
13,13442,MARÍA LA BAJA,63.2,60.7,65.1
13,13458,MONTECRISTO,70.1,64.9,72.0
13,13468,SANTA CRUZ DE MOMPOX,49.1,33.6,65.6
13,13473,MORALES,57.6,47.7,62.2
13,13490,NOROSÍ,66.2,62.2,67.6
13,13549,PINILLOS,67.5,47.2,71.1
13,13580,REGIDOR,48.9,50.3,46.9
13,13600,RÍO VIEJO,57.3,47.0,69.5
13,13620,SAN CRISTÓBAL,49.9,53.8,37.0
13,13647,SAN ESTANISLAO,50.7,48.5,55.5
13,13650,SAN FERNANDO,64.3,40.9,69.9
13,13654,SAN JACINTO,60.3,57.8,78.0
13,13655,SAN JACINTO DEL CAUCA,66.7,62.5,68.4
13,13657,SAN JUAN NEPOMUCENO,56.2,54.0,62.8
13,13667,SAN MARTÍN DE LOBA,60.6,48.9,71.6
13,13670,SAN PABLO,54.0,50.3,66.3
13,13673,SANTA CATALINA,54.8,49.9,57.9
13,13683,SANTA ROSA,54.3,53.6,62.8
13,13688,SANTA ROSA DEL SUR,43.6,35.1,57.5
13,13744,SIMITÍ,54.8,46.5,59.7
13,13760,SOPLAVIENTO,39.4,38.9,77.3
13,13780,TALAIGUA NUEVO,50.7,41.7,58.6
13,13810,TIQUISIO,73.0,68.4,75.4
13,13836,TURBACO,30.4,28.4,57.8
13,13838,TURBANÁ,42.8,40.2,51.7
13,13873,VILLANUEVA,54.1,53.7,56.9
13,13894,ZAMBRANO,62.4,60.5,80.6
15,15001,TUNJA,11.4,10.2,37.2
15,15022,ALMEIDA,37.5,10.2,44.3
15,15047,AQUITANIA,33.5,24.0,40.2
15,15051,ARCABUCO,24.8,12.6,34.3
15,15087,BELÉN,25.2,16.9,38.1
15,15090,BERBEO,40.5,25.4,46.1
15,15092,BETÉITIVA,43.3,18.1,48.0
15,15097,BOAVITA,48.1,21.7,70.4
15,15104,BOYACÁ,39.7,26.8,42.0
15,15106,BRICEÑO,48.5,23.8,55.8
15,15109,BUENAVISTA,44.9,17.9,50.2
15,15114,BUSBANZÁ,31.3,25.6,36.0
15,15131,CALDAS,43.7,16.2,45.9
15,15135,CAMPOHERMOSO,52.3,18.4,63.0
15,15162,CERINZA,29.4,18.6,38.1
15,15172,CHINAVITA,41.1,18.9,56.4
15,15176,CHIQUINQUIRÁ,17.3,15.0,35.8
15,15180,CHISCAS,60.1,21.2,72.1
15,15183,CHITA,69.1,30.4,81.7
15,15185,CHITARAQUE,46.4,14.2,55.1
15,15187,CHIVATÁ,42.3,19.1,47.0
15,15189,CIÉNEGA,40.5,16.7,49.3
15,15204,CÓMBITA,36.1,19.1,38.8
15,15212,COPER,38.8,21.9,44.2
15,15215,CORRALES,26.6,20.3,37.2
15,15218,COVARACHÍA,55.6,11.9,65.0
15,15223,CUBARÁ,69.7,32.4,79.8
15,15224,CUCAITA,25.9,21.8,29.0
15,15226,CUÍTIVA,40.7,25.1,43.6
15,15232,CHÍQUIZA,51.3,29.3,53.1
15,15236,CHIVOR,45.8,16.2,63.1
15,15238,DUITAMA,10.5,9.4,19.3
15,15244,EL COCUY,49.4,28.5,74.2
15,15248,EL ESPINO,31.3,18.4,42.8
15,15272,FIRAVITOBA,21.7,10.0,28.9
15,15276,FLORESTA,43.9,24.3,54.7
15,15293,GACHANTIVÁ,51.2,21.4,58.8
15,15296,GÁMEZA,43.7,26.6,51.0
15,15299,GARAGOA,20.3,12.2,47.7
15,15317,GUACAMAYAS,30.4,18.7,36.3
15,15322,GUATEQUE,19.4,13.8,42.3
15,15325,GUAYATÁ,36.1,10.7,48.3
15,15332,GÜICÁN DE LA SIERRA,48.1,13.3,63.9
15,15362,IZA,24.8,16.2,37.6
15,15367,JENESANO,38.8,17.6,46.6
15,15368,JERICÓ,64.7,26.2,79.6
15,15377,LABRANZAGRANDE,57.4,28.9,72.7
15,15380,LA CAPILLA,31.6,19.1,40.0
15,15401,LA VICTORIA,38.4,18.6,48.7
15,15403,LA UVITA,41.9,26.2,54.2
15,15407,VILLA DE LEYVA,15.2,11.6,19.6
15,15425,MACANAL,28.9,6.3,37.6
15,15442,MARIPÍ,67.0,27.8,72.9
15,15455,MIRAFLORES,21.1,11.7,35.0
15,15464,MONGUA,50.7,33.4,65.6
15,15466,MONGUÍ,28.8,20.4,41.3
15,15469,MONIQUIRÁ,27.1,12.8,43.5
15,15476,MOTAVITA,49.8,18.6,54.7
15,15480,MUZO,40.7,35.7,50.8
15,15491,NOBSA,10.5,8.7,11.4
15,15494,NUEVO COLÓN,46.2,19.2,52.7
15,15500,OICATÁ,22.8,11.3,24.7
15,15507,OTANCHE,44.7,29.9,58.2
15,15511,PACHAVITA,37.5,31.0,39.3
15,15514,PÁEZ,36.5,20.3,48.5
15,15516,PAIPA,16.2,10.0,26.4
15,15518,PAJARITO,27.8,20.4,34.5
15,15522,PANQUEBA,42.7,16.9,65.9
15,15531,PAUNA,47.4,23.8,58.4
15,15533,PAYA,68.2,29.3,78.9
15,15537,PAZ DE RÍO,21.6,11.8,40.0
15,15542,PESCA,39.3,17.3,50.6
15,15550,PISBA,57.9,31.9,70.8
15,15572,PUERTO BOYACÁ,33.6,30.0,42.9
15,15580,QUÍPAMA,64.6,37.9,76.3
15,15599,RAMIRIQUÍ,31.4,14.0,45.0
15,15600,RÁQUIRA,31.3,10.9,40.2
15,15621,RONDÓN,46.9,17.0,57.4
15,15632,SABOYÁ,41.8,16.4,44.1
15,15638,SÁCHICA,23.8,13.1,35.0
15,15646,SAMACÁ,21.5,14.3,26.2
15,15660,SAN EDUARDO,35.9,13.2,53.2
15,15664,SAN JOSÉ DE PARE,50.8,26.0,57.1
15,15667,SAN LUIS DE GACENO,31.4,16.1,44.9
15,15673,SAN MATEO,45.8,16.3,61.9
15,15676,SAN MIGUEL DE SEMA,35.6,22.1,37.8
15,15681,SAN PABLO DE BORBUR,53.7,25.7,57.4
15,15686,SANTANA,40.5,20.3,51.3
15,15690,SANTA MARÍA,29.0,16.4,51.1
15,15693,SANTA ROSA DE VITERBO,19.0,12.3,30.9
15,15696,SANTA SOFÍA,31.4,21.3,36.5
15,15720,SATIVANORTE,51.6,22.6,66.5
15,15723,SATIVASUR,29.7,9.6,37.5
15,15740,SIACHOQUE,45.1,23.7,49.5
15,15753,SOATÁ,17.3,9.2,39.1
15,15755,SOCOTÁ,52.9,17.3,61.3
15,15757,SOCHA,20.8,13.3,30.4
15,15759,SOGAMOSO,10.4,8.8,22.9
15,15761,SOMONDOCO,41.0,14.4,50.0
15,15762,SORA,55.3,23.4,62.1
15,15763,SOTAQUIRÁ,35.4,15.5,37.7
15,15764,SORACÁ,38.5,20.8,44.2
15,15774,SUSACÓN,37.1,11.7,44.6
15,15776,SUTAMARCHÁN,31.1,13.5,41.0
15,15778,SUTATENZA,47.4,16.1,54.7
15,15790,TASCO,31.4,16.6,37.4
15,15798,TENZA,41.1,13.4,53.2
15,15804,TIBANÁ,47.0,16.6,54.9
15,15806,TIBASOSA,14.3,10.9,16.3
15,15808,TINJACÁ,35.2,12.1,43.0
15,15810,TIPACOQUE,41.6,20.5,50.1
15,15814,TOCA,30.2,16.1,43.3
15,15816,TOGÜÍ,50.0,16.1,55.7
15,15820,TÓPAGA,28.7,16.7,33.4
15,15822,TOTA,47.9,21.8,53.2
15,15832,TUNUNGUÁ,42.1,14.3,47.6
15,15835,TURMEQUÉ,45.1,20.5,58.5
15,15837,TUTA,32.8,15.6,39.6
15,15839,TUTAZÁ,36.4,32.0,36.9
15,15842,ÚMBITA,49.4,24.4,53.7
15,15861,VENTAQUEMADA,25.7,17.1,27.4
15,15879,VIRACACHÁ,45.1,17.9,50.3
15,15897,ZETAQUIRA,50.7,20.1,60.8
17,17001,MANIZALES,13.9,12.7,31.2
17,17013,AGUADAS,30.0,18.8,41.2
17,17042,ANSERMA,32.5,21.2,48.1
17,17050,ARANZAZU,32.1,21.9,50.4
17,17088,BELALCÁZAR,41.2,26.2,53.1
17,17174,CHINCHINÁ,21.8,19.1,44.1
17,17272,FILADELFIA,36.2,22.2,44.1
17,17380,LA DORADA,26.8,25.1,41.3
17,17388,LA MERCED,34.5,18.3,43.2
17,17433,MANZANARES,37.5,28.8,48.8
17,17442,MARMATO,37.6,27.0,39.0
17,17444,MARQUETALIA,40.7,24.8,54.7
17,17446,MARULANDA,34.6,23.2,40.1
17,17486,NEIRA,31.3,19.2,46.0
17,17495,NORCASIA,41.4,31.3,61.5
17,17513,PÁCORA,33.3,20.7,45.2
17,17524,PALESTINA,30.1,25.6,32.4
17,17541,PENSILVANIA,37.3,22.8,46.4
17,17614,RIOSUCIO,29.3,16.1,36.6
17,17616,RISARALDA,39.4,21.4,50.7
17,17653,SALAMINA,28.7,21.6,40.8
17,17662,SAMANÁ,39.9,22.9,47.1
17,17665,SAN JOSÉ,39.9,17.0,48.3
17,17777,SUPÍA,31.3,21.3,40.8
17,17867,VICTORIA,34.9,25.8,43.6
17,17873,VILLAMARÍA,17.0,13.1,42.2
17,17877,VITERBO,26.0,22.2,49.0
18,18001,FLORENCIA,29.6,27.2,53.3
18,18029,ALBANIA,38.8,26.6,48.9
18,18094,BELÉN DE LOS ANDAQUÍES,50.0,41.4,66.1
18,18150,CARTAGENA DEL CHAIRÁ,63.3,51.3,78.1
18,18205,CURILLO,55.4,50.2,68.0
18,18247,EL DONCELLO,44.3,37.6,60.7
18,18256,EL PAUJÍL,45.5,40.3,53.4
18,18410,LA MONTAÑITA,56.2,34.9,61.5
18,18460,MILÁN,64.6,38.1,68.7
18,18479,MORELIA,42.4,33.6,53.0
18,18592,PUERTO RICO,54.3,43.8,70.3
18,18610,SAN JOSÉ DEL FRAGUA,48.7,41.6,57.6
18,18753,SAN VICENTE DEL CAGUÁN,56.3,42.2,71.7
18,18756,SOLANO,71.9,47.2,81.7
18,18785,SOLITA,58.1,50.6,69.6
18,18860,VALPARAÍSO,50.0,35.6,59.1
19,19001,POPAYÁN,18.4,16.3,29.4
19,19022,ALMAGUER,62.9,23.9,66.0
19,19050,ARGELIA,50.1,30.8,52.7
19,19075,BALBOA,47.1,38.6,50.3
19,19100,BOLÍVAR,51.1,21.6,55.4
19,19110,BUENOS AIRES,42.5,23.1,43.4
19,19130,CAJIBÍO,56.9,19.8,59.3
19,19137,CALDONO,56.0,26.4,57.6
19,19142,CALOTO,37.4,18.0,42.3
19,19212,CORINTO,33.7,23.1,48.3
19,19256,EL TAMBO,46.0,30.8,47.1
19,19290,FLORENCIA,36.3,23.7,40.1
19,19300,GUACHENÉ,20.2,18.2,21.2
19,19318,GUAPI,68.9,60.5,79.9
19,19355,INZÁ,59.0,19.8,60.9
19,19364,JAMBALÓ,46.5,14.3,49.8
19,19392,LA SIERRA,53.6,41.5,55.9
19,19397,LA VEGA,56.7,31.1,58.1
19,19418,LÓPEZ DE MICAY,81.2,53.1,84.9
19,19450,MERCADERES,46.6,37.7,52.1
19,19455,MIRANDA,21.6,17.0,29.0
19,19473,MORALES,48.7,23.3,50.8
19,19513,PADILLA,22.0,19.4,24.5
19,19517,PÁEZ,56.3,23.5,59.0
19,19532,PATÍA,44.1,25.9,56.8
19,19533,PIAMONTE,44.0,40.3,45.3
19,19548,PIENDAMÓ - TUNÍA,30.7,22.9,35.3
19,19573,PUERTO TEJADA,16.6,16.7,15.8
19,19585,PURACÉ,39.5,24.6,41.3
19,19622,ROSAS,43.2,25.3,45.4
19,19693,SAN SEBASTIÁN,46.4,21.3,48.0
19,19698,SANTANDER DE QUILICHAO,23.8,15.7,31.7
19,19701,SANTA ROSA,66.1,37.9,69.8
19,19743,SILVIA,43.8,13.8,48.2
19,19760,SOTARÁ PAISPAMBA,32.3,19.7,32.8
19,19780,SUÁREZ,44.1,28.4,50.6
19,19785,SUCRE,75.5,52.8,80.4
19,19807,TIMBÍO,35.7,24.0,44.0
19,19809,TIMBIQUÍ,72.4,60.3,77.2
19,19821,TORIBÍO,45.1,16.7,47.0
19,19824,TOTORÓ,55.1,26.7,57.0
19,19845,VILLA RICA,22.7,23.7,20.2
20,20001,VALLEDUPAR,30.5,26.2,61.6
20,20011,AGUACHICA,37.0,33.5,62.4
20,20013,AGUSTÍN CODAZZI,44.5,42.3,54.3
20,20032,ASTREA,52.8,44.2,61.6
20,20045,BECERRIL,48.6,39.1,80.1
20,20060,BOSCONIA,43.8,42.6,64.8
20,20175,CHIMICHAGUA,52.5,43.6,59.0
20,20178,CHIRIGUANÁ,41.3,36.9,48.2
20,20228,CURUMANÍ,45.8,42.8,53.2
20,20238,EL COPEY,48.2,44.7,60.4
20,20250,EL PASO,40.7,37.9,41.4
20,20295,GAMARRA,48.6,46.5,52.5
20,20310,GONZÁLEZ,56.6,27.7,69.3
20,20383,LA GLORIA,44.4,32.3,50.8
20,20400,LA JAGUA DE IBIRICO,32.6,27.9,47.9
20,20443,MANAURE BALCÓN DEL CESAR,41.2,38.6,58.6
20,20517,PAILITAS,46.1,41.4,62.1
20,20550,PELAYA,51.0,48.3,57.2
20,20570,PUEBLO BELLO,74.9,43.1,93.2
20,20614,RÍO DE ORO,48.3,29.1,64.6
20,20621,LA PAZ,41.7,35.2,58.5
20,20710,SAN ALBERTO,31.9,28.0,47.8
20,20750,SAN DIEGO,40.7,27.8,57.0
20,20770,SAN MARTÍN,41.7,37.2,47.4
20,20787,TAMALAMEQUE,47.5,42.5,51.2
23,23001,MONTERÍA,27.1,21.3,53.3
23,23068,AYAPEL,62.4,55.0,75.1
23,23079,BUENAVISTA,58.0,41.7,68.9
23,23090,CANALETE,68.2,50.6,74.3
23,23162,CERETÉ,34.4,30.2,40.3
23,23168,CHIMÁ,57.8,40.0,63.2
23,23182,CHINÚ,45.3,32.7,56.5
23,23189,CIÉNAGA DE ORO,52.3,36.1,63.1
23,23300,COTORRA,39.7,42.9,38.0
23,23350,LA APARTADA,52.6,54.1,46.0
23,23417,LORICA,41.1,29.7,52.7
23,23419,LOS CÓRDOBAS,60.5,45.9,64.6
23,23464,MOMIL,42.1,38.2,49.9
23,23466,MONTELÍBANO,41.1,33.7,67.0
23,23500,MOÑITOS,65.4,52.0,69.4
23,23555,PLANETA RICA,43.0,31.1,67.1
23,23570,PUEBLO NUEVO,52.9,31.1,63.6
23,23574,PUERTO ESCONDIDO,67.9,49.1,72.4
23,23580,PUERTO LIBERTADOR,58.9,41.3,67.5
23,23586,PURÍSIMA DE LA CONCEPCIÓN,53.1,40.4,65.1
23,23660,SAHAGÚN,40.4,27.9,55.9
23,23670,SAN ANDRÉS SOTAVENTO,76.3,41.7,86.3
23,23672,SAN ANTERO,46.0,39.3,53.3
23,23675,SAN BERNARDO DEL VIENTO,57.0,46.9,61.2
23,23678,SAN CARLOS,58.0,41.2,61.7
23,23682,SAN JOSÉ DE URÉ,61.3,54.1,67.5
23,23686,SAN PELAYO,45.8,28.9,50.3
23,23807,TIERRALTA,63.8,53.3,73.7
23,23815,TUCHÍN,78.0,49.2,84.0
23,23855,VALENCIA,53.1,39.8,65.0
25,25001,AGUA DE DIOS,17.9,14.9,29.7
25,25019,ALBÁN,25.8,18.3,28.8
25,25035,ANAPOIMA,22.6,10.9,31.7
25,25040,ANOLAIMA,22.7,13.6,27.3
25,25053,ARBELÁEZ,20.0,15.0,23.5
25,25086,BELTRÁN,38.3,23.4,42.2
25,25095,BITUIMA,29.3,12.5,32.9
25,25099,BOJACÁ,16.8,14.6,25.4
25,25120,CABRERA,39.5,17.2,47.3
25,25123,CACHIPAY,20.6,16.0,23.5
25,25126,CAJICÁ,6.8,6.2,8.1
25,25148,CAPARRAPÍ,41.2,27.4,46.1
25,25151,CÁQUEZA,21.7,9.4,30.9
25,25154,CARMEN DE CARUPA,31.2,17.9,36.5
25,25168,CHAGUANÍ,58.7,27.3,69.4
25,25175,CHÍA,6.7,6.3,8.6
25,25178,CHIPAQUE,31.1,11.3,39.7
25,25181,CHOACHÍ,22.5,9.3,30.6
25,25183,CHOCONTÁ,27.5,16.2,39.9
25,25200,COGUA,12.6,9.3,14.4
25,25214,COTA,9.0,8.8,9.2
25,25224,CUCUNUBÁ,25.0,15.9,26.8
25,25245,EL COLEGIO,18.3,15.2,20.9
25,25258,EL PEÑÓN,49.5,11.3,55.2
25,25260,EL ROSAL,12.8,11.9,18.3
25,25269,FACATATIVÁ,10.5,9.7,19.3
25,25279,FÓMEQUE,27.4,10.7,39.0
25,25281,FOSCA,45.2,16.5,52.9
25,25286,FUNZA,7.8,7.6,17.4
25,25288,FÚQUENE,23.6,18.6,23.8
25,25290,FUSAGASUGÁ,12.2,11.0,18.9
25,25293,GACHALÁ,51.5,13.9,71.4
25,25295,GACHANCIPÁ,11.1,9.3,15.0
25,25297,GACHETÁ,43.2,8.4,65.5
25,25299,GAMA,42.9,6.8,52.7
25,25307,GIRARDOT,13.4,12.4,31.0
25,25312,GRANADA,19.9,18.3,20.5
25,25317,GUACHETÁ,25.7,21.2,29.8
25,25320,GUADUAS,27.2,17.0,37.5
25,25322,GUASCA,15.5,10.6,18.9
25,25324,GUATAQUÍ,32.9,30.7,36.0
25,25326,GUATAVITA,33.1,12.8,44.6
25,25328,GUAYABAL DE SÍQUIMA,29.4,13.0,35.8
25,25335,GUAYABETAL,29.6,17.2,34.8
25,25339,GUTIÉRREZ,37.6,11.2,47.4
25,25368,JERUSALÉN,34.9,27.8,39.5
25,25372,JUNÍN,57.8,13.5,64.4
25,25377,LA CALERA,9.8,6.4,12.8
25,25386,LA MESA,18.3,10.6,28.0
25,25394,LA PALMA,39.4,17.6,58.9
25,25398,LA PEÑA,50.3,20.3,56.2
25,25402,LA VEGA,22.1,12.6,28.9
25,25407,LENGUAZAQUE,29.1,14.2,35.3
25,25426,MACHETÁ,38.2,13.6,46.7
25,25430,MADRID,10.4,9.8,16.7
25,25436,MANTA,35.5,15.7,41.8
25,25438,MEDINA,38.5,25.5,52.9
25,25473,MOSQUERA,9.6,9.4,23.8
25,25483,NARIÑO,27.8,22.2,43.6
25,25486,NEMOCÓN,14.2,10.2,18.4
25,25488,NILO,22.1,15.2,26.5
25,25489,NIMAIMA,30.2,10.9,35.0
25,25491,NOCAIMA,26.2,9.9,34.5
25,25506,VENECIA,38.1,22.2,44.1
25,25513,PACHO,27.7,17.0,39.6
25,25518,PAIME,55.0,21.6,59.8
25,25524,PANDI,36.7,16.4,42.4
25,25530,PARATEBUENO,37.4,30.6,42.4
25,25535,PASCA,30.6,24.6,33.3
25,25572,PUERTO SALGAR,31.0,26.8,43.3
25,25580,PULÍ,46.0,19.9,52.5
25,25592,QUEBRADANEGRA,32.1,24.1,32.9
25,25594,QUETAME,37.7,13.1,45.9
25,25596,QUIPILE,44.1,19.5,47.0
25,25599,APULO,28.4,14.3,40.8
25,25612,RICAURTE,17.5,14.3,21.4
25,25645,SAN ANTONIO DEL TEQUENDAMA,21.8,16.8,22.3
25,25649,SAN BERNARDO,34.8,19.0,46.7
25,25653,SAN CAYETANO,36.9,8.2,41.1
25,25658,SAN FRANCISCO,20.2,13.4,25.2
25,25662,SAN JUAN DE RIOSECO,35.6,14.5,46.8
25,25718,SASAIMA,22.9,18.0,24.6
25,25736,SESQUILÉ,17.7,8.8,21.6
25,25740,SIBATÉ,13.5,10.8,21.3
25,25743,SILVANIA,23.5,14.5,28.0
25,25745,SIMIJACA,22.4,20.2,25.9
25,25754,SOACHA,14.1,13.9,35.0
25,25758,SOPÓ,8.0,7.9,8.1
25,25769,SUBACHOQUE,12.6,7.7,17.1
25,25772,SUESCA,14.0,12.3,15.5
25,25777,SUPATÁ,28.2,19.6,32.8
25,25779,SUSA,27.1,16.1,33.1
25,25781,SUTATAUSA,21.3,16.7,23.8
25,25785,TABIO,9.6,6.5,10.9
25,25793,TAUSA,24.3,15.2,26.4
25,25797,TENA,18.5,15.3,18.7
25,25799,TENJO,10.4,9.0,11.5
25,25805,TIBACUY,27.4,13.8,29.5
25,25807,TIBIRITA,52.3,15.5,61.3
25,25815,TOCAIMA,24.4,19.2,33.4
25,25817,TOCANCIPÁ,10.1,9.9,10.3
25,25823,TOPAIPÍ,47.1,23.4,52.2
25,25839,UBALÁ,47.0,17.7,51.9
25,25841,UBAQUE,34.1,8.6,38.9
25,25843,VILLA DE SAN DIEGO DE UBATÉ,14.2,12.4,19.6
25,25845,UNE,29.6,23.1,36.8
25,25851,ÚTICA,35.5,21.8,54.3
25,25862,VERGARA,50.0,19.3,56.8
25,25867,VIANÍ,31.6,16.0,41.0
25,25871,VILLAGÓMEZ,38.2,19.0,48.3
25,25873,VILLAPINZÓN,31.4,17.2,40.9
25,25875,VILLETA,18.7,13.6,29.8
25,25878,VIOTÁ,36.3,27.1,41.1
25,25885,YACOPÍ,55.5,28.6,63.9
25,25898,ZIPACÓN,20.5,14.7,22.8
25,25899,ZIPAQUIRÁ,10.3,7.9,20.8
27,27001,QUIBDÓ,44.4,40.6,78.2
27,27006,ACANDÍ,51.4,47.6,55.9
27,27025,ALTO BAUDÓ,90.6,77.7,92.4
27,27050,ATRATO,61.5,54.0,68.0
27,27073,BAGADÓ,81.0,49.2,91.1
27,27075,BAHÍA SOLANO,46.6,44.7,49.7
27,27077,BAJO BAUDÓ,80.4,55.1,87.0
27,27099,BOJAYÁ,77.1,48.7,79.9
27,27135,EL CANTÓN DEL SAN PABLO,60.2,53.4,65.9
27,27150,CARMEN DEL DARIÉN,77.8,64.2,79.9
27,27160,CÉRTEGUI,55.9,43.8,76.4
27,27205,CONDOTO,53.2,49.8,65.3
27,27245,EL CARMEN DE ATRATO,54.0,18.5,70.5
27,27250,EL LITORAL DEL SAN JUAN,83.1,65.1,85.6
27,27361,ISTMINA,55.1,47.5,79.1
27,27372,JURADÓ,71.8,56.7,82.0
27,27413,LLORÓ,74.4,59.0,83.4
27,27425,MEDIO ATRATO,76.6,61.7,78.0
27,27430,MEDIO BAUDÓ,80.2,82.1,79.9
27,27450,MEDIO SAN JUAN,69.7,43.6,79.9
27,27491,NÓVITA,60.1,45.6,70.1
27,27495,NUQUÍ,72.9,55.7,80.1
27,27580,RÍO IRÓ,75.1,72.3,76.6
27,27600,RÍO QUITO,66.8,42.6,76.0
27,27615,RIOSUCIO,70.9,63.9,73.4
27,27660,SAN JOSÉ DEL PALMAR,59.1,38.6,67.3
27,27745,SIPÍ,69.7,52.4,74.5
27,27787,TADÓ,59.9,48.5,76.2
27,27800,UNGUÍA,63.4,53.3,68.7
27,27810,UNIÓN PANAMERICANA,57.4,56.7,58.0
41,41001,NEIVA,17.6,16.6,32.5
41,41006,ACEVEDO,51.0,30.6,55.6
41,41013,AGRADO,50.0,41.5,66.0
41,41016,AIPE,35.4,29.5,48.2
41,41020,ALGECIRAS,45.2,35.3,55.1
41,41026,ALTAMIRA,30.4,22.8,43.0
41,41078,BARAYA,49.4,37.2,63.8
41,41132,CAMPOALEGRE,31.1,27.2,44.6
41,41206,COLOMBIA,61.7,34.2,73.5
41,41244,ELÍAS,32.3,21.3,38.5
41,41298,GARZÓN,32.0,22.8,43.4
41,41306,GIGANTE,36.9,25.4,45.0
41,41319,GUADALUPE,43.2,26.4,51.2
41,41349,HOBO,38.8,31.0,67.1
41,41357,ÍQUIRA,49.6,38.2,54.2
41,41359,ISNOS,43.1,27.3,48.3
41,41378,LA ARGENTINA,44.0,30.9,52.1
41,41396,LA PLATA,42.5,24.2,57.2
41,41483,NÁTAGA,46.9,33.8,55.5
41,41503,OPORAPA,58.5,30.1,66.1
41,41518,PAICOL,39.1,19.0,53.2
41,41524,PALERMO,32.6,29.6,35.3
41,41530,PALESTINA,51.0,27.1,55.7
41,41548,PITAL,43.9,24.8,54.1
41,41551,PITALITO,33.7,23.6,48.7
41,41615,RIVERA,27.4,22.4,33.3
41,41660,SALADOBLANCO,57.8,33.2,63.2
41,41668,SAN AGUSTÍN,36.3,23.6,42.7
41,41676,SANTA MARÍA,51.5,27.5,59.3
41,41770,SUAZA,41.6,21.2,47.7
41,41791,TARQUI,47.1,27.1,56.4
41,41797,TESALIA,36.1,25.9,48.0
41,41799,TELLO,44.5,40.8,48.2
41,41801,TERUEL,39.9,22.7,59.7
41,41807,TIMANÁ,40.8,23.2,50.3
41,41872,VILLAVIEJA,37.9,32.9,40.5
41,41885,YAGUARÁ,23.8,21.2,37.6
44,44001,RIOHACHA,45.1,31.3,75.0
44,44035,ALBANIA,49.8,27.4,79.0
44,44078,BARRANCAS,46.7,38.4,56.8
44,44090,DIBULLA,65.5,45.9,68.4
44,44098,DISTRACCIÓN,40.2,30.8,48.6
44,44110,EL MOLINO,37.0,33.3,69.6
44,44279,FONSECA,36.0,33.6,50.2
44,44378,HATONUEVO,43.3,32.6,61.8
44,44420,LA JAGUA DEL PILAR,43.0,32.3,63.6
44,44430,MAICAO,60.0,41.4,88.9
44,44560,MANAURE,86.7,56.7,90.4
44,44650,SAN JUAN DEL CESAR,36.6,28.9,51.0
44,44847,URIBIA,92.2,59.7,93.7
44,44855,URUMITA,32.0,28.6,66.0
44,44874,VILLANUEVA,31.0,29.3,69.4
47,47001,SANTA MARTA,24.4,22.9,41.4
47,47030,ALGARROBO,57.3,58.0,56.0
47,47053,ARACATACA,50.0,40.1,65.0
47,47058,ARIGUANÍ,56.4,54.5,60.2
47,47161,CERRO SAN ANTONIO,62.4,60.6,64.6
47,47170,CHIVOLO,53.3,45.3,69.3
47,47189,CIÉNAGA,44.6,41.7,66.7
47,47205,CONCORDIA,67.9,63.6,71.0
47,47245,EL BANCO,54.7,46.3,69.6
47,47258,EL PIÑÓN,50.4,43.6,54.1
47,47268,EL RETÉN,63.6,61.5,71.9
47,47288,FUNDACIÓN,43.9,37.0,84.9
47,47318,GUAMAL,60.3,35.4,72.3
47,47460,NUEVA GRANADA,66.4,68.5,64.7
47,47541,PEDRAZA,56.2,40.1,63.8
47,47545,PIJIÑO DEL CARMEN,60.8,55.7,66.0
47,47551,PIVIJAY,52.4,40.8,69.2
47,47555,PLATO,52.7,45.6,76.3
47,47570,PUEBLOVIEJO,58.0,55.0,59.5
47,47605,REMOLINO,50.6,46.7,57.9
47,47660,SABANAS DE SAN ÁNGEL,69.4,52.3,77.4
47,47675,SALAMINA,44.3,37.6,58.1
47,47692,SAN SEBASTIÁN DE BUENAVISTA,63.8,48.3,70.7
47,47703,SAN ZENÓN,56.4,47.9,57.7
47,47707,SANTA ANA,47.3,36.2,62.2
47,47720,SANTA BÁRBARA DE PINTO,57.8,53.4,65.3
47,47745,SITIONUEVO,70.7,71.0,70.4
47,47798,TENERIFE,56.3,47.1,65.9
47,47960,ZAPAYÁN,70.4,70.2,70.4
47,47980,ZONA BANANERA,48.6,48.3,48.6
50,50001,VILLAVICENCIO,15.9,15.2,26.7
50,50006,ACACÍAS,19.2,16.7,29.8
50,50110,BARRANCA DE UPÍA,36.5,36.3,37.0
50,50124,CABUYARO,32.2,28.8,36.1
50,50150,CASTILLA LA NUEVA,23.1,17.7,27.5
50,50223,CUBARRAL,21.8,19.5,27.7
50,50226,CUMARAL,22.7,19.4,29.6
50,50245,EL CALVARIO,29.7,25.6,31.6
50,50251,EL CASTILLO,42.2,36.8,45.7
50,50270,EL DORADO,28.9,26.6,30.2
50,50287,FUENTEDEORO,32.0,24.0,43.0
50,50313,GRANADA,29.6,29.1,32.3
50,50318,GUAMAL,22.6,19.3,29.9
50,50325,MAPIRIPÁN,64.2,41.7,79.4
50,50330,MESETAS,45.1,29.5,56.5
50,50350,LA MACARENA,67.9,43.1,73.2
50,50370,URIBE,60.4,38.5,65.9
50,50400,LEJANÍAS,39.9,29.5,47.6
50,50450,PUERTO CONCORDIA,53.0,34.1,66.2
50,50568,PUERTO GAITÁN,51.8,33.0,71.6
50,50573,PUERTO LÓPEZ,32.7,26.8,43.7
50,50577,PUERTO LLERAS,43.5,41.4,45.2
50,50590,PUERTO RICO,47.1,38.6,57.8
50,50606,RESTREPO,15.3,12.5,21.7
50,50680,SAN CARLOS DE GUAROA,31.9,28.6,35.6
50,50683,SAN JUAN DE ARAMA,37.9,28.6,47.2
50,50686,SAN JUANITO,43.2,30.3,60.0
50,50689,SAN MARTÍN,25.5,20.2,43.3
50,50711,VISTAHERMOSA,48.5,41.1,54.3
52,52001,PASTO,16.3,12.4,30.1
52,52019,ALBÁN,44.2,22.9,52.6
52,52022,ALDANA,29.1,18.3,32.2
52,52036,ANCUYA,22.2,11.9,26.0
52,52051,ARBOLEDA,54.3,32.4,58.2
52,52079,BARBACOAS,76.1,61.3,83.3
52,52083,BELÉN,34.1,22.6,47.4
52,52110,BUESACO,39.2,22.8,46.0
52,52203,COLÓN,42.4,14.5,46.3
52,52207,CONSACÁ,34.9,22.2,37.9
52,52210,CONTADERO,44.0,21.1,49.6
52,52215,CÓRDOBA,41.8,21.6,47.0
52,52224,CUASPUD CARLOSAMA,51.4,34.7,58.5
52,52227,CUMBAL,28.6,15.3,31.9
52,52233,CUMBITARA,39.4,32.4,42.2
52,52240,CHACHAGÜÍ,32.2,24.2,36.4
52,52250,EL CHARCO,75.9,57.0,85.2
52,52254,EL PEÑOL,43.0,18.6,48.7
52,52256,EL ROSARIO,52.1,42.9,54.9
52,52258,EL TABLÓN DE GÓMEZ,50.4,24.6,53.6
52,52260,EL TAMBO,31.9,20.8,38.8
52,52287,FUNES,41.1,30.8,49.6
52,52317,GUACHUCAL,30.4,16.6,33.0
52,52320,GUAITARILLA,33.6,22.5,40.3
52,52323,GUALMATÁN,30.9,20.5,39.7
52,52352,ILES,43.6,31.5,48.3
52,52354,IMUÉS,40.2,25.5,42.5
52,52356,IPIALES,23.4,14.7,41.0
52,52378,LA CRUZ,27.8,18.2,35.7
52,52381,LA FLORIDA,59.0,39.5,63.9
52,52385,LA LLANADA,33.6,28.5,39.3
52,52390,LA TOLA,73.9,67.4,80.2
52,52399,LA UNIÓN,48.6,24.8,64.4
52,52405,LEIVA,55.3,36.1,64.5
52,52411,LINARES,32.9,16.6,37.3
52,52418,LOS ANDES,44.9,29.0,58.7
52,52427,MAGÜÍ,85.3,74.8,91.2
52,52435,MALLAMA,39.0,19.9,42.1
52,52473,MOSQUERA,70.2,69.4,71.0
52,52480,NARIÑO,40.8,34.0,53.4
52,52490,OLAYA HERRERA,75.9,71.0,80.3
52,52506,OSPINA,28.9,18.7,33.1
52,52520,FRANCISCO PIZARRO,69.5,69.1,70.2
52,52540,POLICARPA,38.7,32.0,41.7
52,52560,POTOSÍ,27.5,13.8,31.0
52,52565,PROVIDENCIA,55.3,28.8,65.3
52,52573,PUERRES,32.7,23.5,38.9
52,52585,PUPIALES,32.2,19.6,38.6
52,52612,RICAURTE,71.9,38.8,76.3
52,52621,ROBERTO PAYÁN,81.0,66.9,85.0
52,52678,SAMANIEGO,47.7,19.1,61.8
52,52683,SANDONÁ,28.9,21.8,35.7
52,52685,SAN BERNARDO,59.4,35.0,68.9
52,52687,SAN LORENZO,55.3,32.7,58.4
52,52693,SAN PABLO,41.1,14.8,51.6
52,52694,SAN PEDRO DE CARTAGO,54.6,13.4,60.2
52,52696,SANTA BÁRBARA,75.1,73.2,76.2
52,52699,SANTACRUZ,65.1,40.5,69.6
52,52720,SAPUYES,43.0,40.2,43.7
52,52786,TAMINANGO,36.1,22.6,40.3
52,52788,TANGUA,46.0,29.5,52.0
52,52835,SAN ANDRÉS DE TUMACO,53.7,45.8,63.3
52,52838,TÚQUERRES,32.5,18.1,42.3
52,52885,YACUANQUER,44.2,28.7,51.3
54,54001,CUCUTÁ,25.7,25.0,44.1
54,54003,ÁBREGO,55.8,39.4,72.9
54,54051,ARBOLEDAS,53.5,23.9,63.6
54,54099,BOCHALEMA,36.3,22.0,44.9
54,54109,BUCARASICA,67.9,38.7,70.7
54,54125,CÁCOTA,48.9,27.2,59.1
54,54128,CÁCHIRA,56.4,17.1,64.9
54,54172,CHINÁCOTA,30.3,21.2,49.2
54,54174,CHITAGÁ,54.8,34.8,68.5
54,54206,CONVENCIÓN,64.0,41.8,79.3
54,54223,CUCUTILLA,71.1,29.8,81.0
54,54239,DURANIA,44.5,31.2,57.6
54,54245,EL CARMEN,68.9,35.7,75.9
54,54250,EL TARRA,71.2,62.8,77.6
54,54261,EL ZULIA,41.9,32.3,57.6
54,54313,GRAMALOTE,42.3,13.6,54.3
54,54344,HACARÍ,73.4,40.7,78.0
54,54347,HERRÁN,52.4,26.8,60.3
54,54377,LABATECA,41.3,27.4,46.9
54,54385,LA ESPERANZA,57.1,37.1,60.3
54,54398,LA PLAYA,67.9,13.1,74.0
54,54405,LOS PATIOS,21.4,21.1,31.7
54,54418,LOURDES,45.3,28.2,62.0
54,54480,MUTISCUA,42.2,12.3,49.1
54,54498,OCAÑA,31.4,28.4,57.4
54,54518,PAMPLONA,20.5,16.6,62.4
54,54520,PAMPLONITA,41.7,16.9,47.8
54,54553,PUERTO SANTANDER,42.9,42.3,53.2
54,54599,RAGONVALIA,41.4,30.7,53.3
54,54660,SALAZAR,48.8,35.4,58.8
54,54670,SAN CALIXTO,73.5,40.0,80.7
54,54673,SAN CAYETANO,37.6,33.9,39.4
54,54680,SANTIAGO,48.1,33.6,66.6
54,54720,SARDINATA,53.8,35.8,67.6
54,54743,SILOS,46.6,25.8,50.2
54,54800,TEORAMA,67.1,39.1,73.6
54,54810,TIBÚ,57.6,44.8,65.2
54,54820,TOLEDO,50.1,23.1,63.0
54,54871,VILLACARO,64.8,42.9,79.9
54,54874,VILLA DEL ROSARIO,24.6,24.1,41.9
63,63001,ARMENIA,14.4,14.5,12.1
63,63111,BUENAVISTA,29.0,15.0,39.9
63,63130,CALARCÁ,19.9,17.5,28.4
63,63190,CIRCASIA,17.3,16.8,19.1
63,63212,CÓRDOBA,30.7,27.2,36.0
63,63272,FILANDIA,18.1,12.3,25.6
63,63302,GÉNOVA,33.1,18.8,51.4
63,63401,LA TEBAIDA,27.4,27.9,22.3
63,63470,MONTENEGRO,25.8,26.4,23.0
63,63548,PIJAO,28.8,15.6,47.9
63,63594,QUIMBAYA,22.0,20.3,29.9
63,63690,SALENTO,19.7,14.5,24.9
66,66001,PEREIRA,15.1,13.1,24.6
66,66045,APÍA,33.6,16.6,47.7
66,66075,BALBOA,31.6,17.5,37.4
66,66088,BELÉN DE UMBRÍA,35.6,19.0,53.0
66,66170,DOSQUEBRADAS,13.7,12.8,28.1
66,66318,GUÁTICA,36.5,22.7,42.4
66,66383,LA CELIA,37.5,17.3,51.2
66,66400,LA VIRGINIA,19.0,18.7,36.2
66,66440,MARSELLA,33.3,17.3,50.5
66,66456,MISTRATÓ,65.3,18.0,79.2
66,66572,PUEBLO RICO,70.5,27.4,80.1
66,66594,QUINCHÍA,41.4,20.2,49.2
66,66682,SANTA ROSA DE CABAL,21.2,17.3,44.5
66,66687,SANTUARIO,39.9,22.2,56.1
68,68001,BUCARAMANGA,14.2,13.8,35.7
68,68013,AGUADA,41.8,23.0,45.8
68,68020,ALBANIA,48.1,26.5,51.9
68,68051,ARATOCA,40.6,23.3,47.6
68,68077,BARBOSA,21.6,18.0,34.6
68,68079,BARICHARA,28.5,8.9,40.1
68,68081,BARRANCABERMEJA,26.4,26.1,28.8
68,68092,BETULIA,43.9,26.7,49.3
68,68101,BOLÍVAR,45.5,19.0,50.3
68,68121,CABRERA,34.0,30.5,34.9
68,68132,CALIFORNIA,21.2,10.4,31.2
68,68147,CAPITANEJO,35.7,24.8,54.0
68,68152,CARCASÍ,60.8,20.6,67.8
68,68160,CEPITÁ,32.0,10.6,38.3
68,68162,CERRITO,41.9,30.4,53.8
68,68167,CHARALÁ,26.9,17.6,42.5
68,68169,CHARTA,35.1,19.3,40.2
68,68176,CHIMA,45.2,21.4,55.8
68,68179,CHIPATÁ,42.8,18.5,46.5
68,68190,CIMITARRA,36.0,23.3,47.4
68,68207,CONCEPCIÓN,36.2,27.1,46.0
68,68209,CONFINES,32.6,19.5,36.4
68,68211,CONTRATACIÓN,29.2,19.2,59.7
68,68217,COROMORO,53.6,16.8,59.6
68,68229,CURITÍ,35.7,21.3,44.9
68,68235,EL CARMEN DE CHUCURI,58.9,19.1,65.2
68,68245,EL GUACAMAYO,33.0,19.4,39.5
68,68250,EL PEÑÓN,57.8,24.3,64.3
68,68255,EL PLAYÓN,45.7,31.7,61.5
68,68264,ENCINO,32.0,12.1,37.7
68,68266,ENCISO,35.3,13.6,42.4
68,68271,FLORIÁN,56.0,22.5,67.0
68,68276,FLORIDABLANCA,11.0,10.6,22.1
68,68296,GALÁN,41.9,17.2,51.6
68,68298,GÁMBITA,51.1,18.2,57.9
68,68307,GIRÓN,16.5,14.4,33.2
68,68318,GUACA,60.3,20.8,74.3
68,68320,GUADALUPE,39.1,15.4,54.2
68,68322,GUAPOTÁ,31.4,21.1,35.3
68,68324,GUAVATÁ,40.4,23.3,46.8
68,68327,GÜEPSA,29.6,22.1,41.9
68,68344,HATO,46.9,31.3,53.2
68,68368,JESÚS MARÍA,40.8,17.2,47.4
68,68370,JORDÁN,53.7,44.8,54.5
68,68377,LA BELLEZA,36.1,19.6,42.7
68,68385,LANDÁZURI,49.1,34.9,56.1
68,68397,LA PAZ,36.1,17.4,40.1
68,68406,LEBRIJA,27.0,18.6,36.3
68,68418,LOS SANTOS,44.6,22.3,48.0
68,68425,MACARAVITA,50.3,19.8,54.7
68,68432,MÁLAGA,19.3,15.5,43.1
68,68444,MATANZA,38.2,15.3,46.8
68,68464,MOGOTES,49.4,24.8,64.9
68,68468,MOLAGAVITA,51.9,17.4,58.4
68,68498,OCAMONTÉ,38.6,14.7,43.5
68,68500,OIBA,31.8,14.4,45.7
68,68502,ONZAGA,55.1,16.6,70.2
68,68522,PALMAR,32.5,11.1,43.4
68,68524,PALMAS DEL SOCORRO,27.3,19.3,30.8
68,68533,PÁRAMO,31.5,25.1,34.2
68,68547,PIEDECUESTA,16.2,12.3,32.9
68,68549,PINCHOTE,23.8,15.9,26.1
68,68572,PUENTE NACIONAL,26.4,12.8,35.5
68,68573,PUERTO PARRA,36.1,35.5,36.5
68,68575,PUERTO WILCHES,40.3,35.4,45.4
68,68615,RIONEGRO,37.8,15.7,44.8
68,68655,SABANA DE TORRES,36.6,34.7,40.3
68,68669,SAN ANDRÉS,42.4,18.2,55.8
68,68673,SAN BENITO,49.8,7.4,54.0
68,68679,SAN GIL,13.7,10.7,35.8
68,68682,SAN JOAQUÍN,41.4,17.1,54.5
68,68684,SAN JOSÉ DE MIRANDA,47.6,20.0,54.7
68,68686,SAN MIGUEL,33.6,19.7,38.4
68,68689,SAN VICENTE DE CHUCURÍ,34.9,18.9,44.8
68,68705,SANTA BÁRBARA,53.8,20.6,57.1
68,68720,SANTA HELENA DEL OPÓN,47.9,25.3,54.5
68,68745,SIMACOTA,44.5,18.1,53.0
68,68755,SOCORRO,15.1,12.5,26.6
68,68770,SUAITA,37.8,24.4,41.3
68,68773,SUCRE,47.1,15.7,49.7
68,68780,SURATÁ,44.2,25.8,50.6
68,68820,TONA,45.8,26.9,47.3
68,68855,VALLE DE SAN JOSÉ,36.6,15.5,51.3
68,68861,VÉLEZ,32.3,17.8,51.6
68,68867,VETAS,31.9,16.9,41.9
68,68872,VILLANUEVA,27.5,20.1,41.8
68,68895,ZAPATOCA,26.9,17.4,45.8
70,70001,SINCELEJO,30.4,28.1,51.7
70,70110,BUENAVISTA,49.1,46.3,62.9
70,70124,CAIMITO,58.7,48.4,62.6
70,70204,COLOSÓ,59.6,56.2,62.2
70,70215,COROZAL,34.5,29.2,52.8
70,70221,COVEÑAS,45.0,36.6,54.9
70,70230,CHALÁN,73.9,71.7,78.0
70,70233,EL ROBLE,64.3,58.7,68.7
70,70235,GALERAS,46.1,37.8,57.9
70,70265,GUARANDA,66.1,54.5,74.9
70,70400,LA UNIÓN,55.8,40.0,70.2
70,70418,LOS PALMITOS,41.6,33.5,49.8
70,70429,MAJAGUAL,64.4,46.7,71.7
70,70473,MORROA,42.8,32.5,58.8
70,70508,OVEJAS,51.5,40.4,63.1
70,70523,PALMITO,65.1,46.7,76.1
70,70670,SAMPUÉS,56.9,45.9,69.1
70,70678,SAN BENITO ABAD,63.0,56.3,65.0
70,70702,SAN JUAN DE BETULIA,44.8,37.1,53.0
70,70708,SAN MARCOS,59.1,57.4,61.8
70,70713,SAN ONOFRE,69.0,55.9,77.5
70,70717,SAN PEDRO,47.1,40.5,60.9
70,70742,SAN LUIS DE SINCÉ,51.1,48.1,60.0
70,70771,SUCRE,63.4,44.9,69.5
70,70820,SANTIAGO DE TOLÚ,42.7,38.9,59.1
70,70823,SAN JOSÉ DE TOLUVIEJO,45.8,39.2,48.9
73,73001,IBAGUÉ,14.8,12.9,42.6
73,73024,ALPUJARRA,30.9,28.4,32.7
73,73026,ALVARADO,38.8,26.3,49.5
73,73030,AMBALEMA,32.9,31.0,40.5
73,73043,ANZOÁTEGUI,55.8,24.6,62.1
73,73055,ARMERO,27.3,23.9,35.3
73,73067,ATACO,64.0,42.1,71.8
73,73124,CAJAMARCA,36.2,22.1,52.6
73,73148,CARMEN DE APICALÁ,20.7,17.5,32.4
73,73152,CASABIANCA,43.8,21.9,52.7
73,73168,CHAPARRAL,39.7,29.5,57.1
73,73200,COELLO,35.8,25.5,38.3
73,73217,COYAIMA,62.1,29.0,69.8
73,73226,CUNDAY,40.8,26.4,46.2
73,73236,DOLORES,32.8,23.2,39.8
73,73268,ESPINAL,19.2,17.0,25.4
73,73270,FALAN,39.3,22.9,44.5
73,73275,FLANDES,17.4,16.2,25.5
73,73283,FRESNO,33.6,21.7,47.0
73,73319,GUAMO,32.2,24.6,40.9
73,73347,HERVEO,54.0,19.6,68.8
73,73349,HONDA,25.8,25.3,43.0
73,73352,ICONONZO,33.7,22.3,39.3
73,73408,LÉRIDA,28.1,25.0,39.8
73,73411,LÍBANO,33.4,21.3,57.6
73,73443,SAN SEBASTIÁN DE MARIQUITA,27.1,21.1,50.2
73,73449,MELGAR,19.7,16.5,34.2
73,73461,MURILLO,50.4,36.2,62.8
73,73483,NATAGAIMA,42.1,33.6,52.5
73,73504,ORTEGA,51.3,28.8,58.1
73,73520,PALOCABILDO,45.5,32.6,51.6
73,73547,PIEDRAS,27.2,22.7,29.6
73,73555,PLANADAS,55.4,34.8,64.5
73,73563,PRADO,36.6,30.1,42.4
73,73585,PURIFICACIÓN,32.6,23.2,44.6
73,73616,RIOBLANCO,60.5,30.1,67.6
73,73622,RONCESVALLES,42.0,29.7,48.8
73,73624,ROVIRA,47.0,31.7,62.1
73,73671,SALDAÑA,36.3,29.9,45.9
73,73675,SAN ANTONIO,53.7,36.0,64.2
73,73678,SAN LUIS,39.4,31.2,42.8
73,73686,SANTA ISABEL,50.9,36.0,59.5
73,73770,SUÁREZ,34.3,27.2,39.7
73,73854,VALLE DE SAN JUAN,40.4,28.2,50.5
73,73861,VENADILLO,36.3,29.6,52.1
73,73870,VILLAHERMOSA,51.3,30.8,62.6
73,73873,VILLARRICA,38.4,22.4,48.0
76,76001,CALI,11.9,11.7,17.0
76,76020,ALCALÁ,31.9,31.5,33.1
76,76036,ANDALUCÍA,15.3,13.9,20.8
76,76041,ANSERMANUEVO,31.3,26.1,40.4
76,76054,ARGELIA,36.2,23.6,49.8
76,76100,BOLÍVAR,29.7,13.9,35.6
76,76109,BUENAVENTURA,41.0,35.6,67.4
76,76111,GUADALAJARA DE BUGA,12.3,10.8,22.2
76,76113,BUGALAGRANDE,25.8,13.5,39.3
76,76122,CAICEDONIA,24.6,19.9,46.9
76,76126,CALIMA,25.7,22.0,33.4
76,76130,CANDELARIA,15.5,14.2,15.9
76,76147,CARTAGO,16.6,16.4,25.7
76,76233,DAGUA,28.4,22.3,30.5
76,76243,EL ÁGUILA,43.5,24.2,51.4
76,76246,EL CAIRO,35.8,21.8,45.8
76,76248,EL CERRITO,15.2,14.4,16.6
76,76250,EL DOVIO,37.2,25.0,56.1
76,76275,FLORIDA,18.9,16.4,24.6
76,76306,GINEBRA,14.7,8.0,20.1
76,76318,GUACARÍ,16.0,15.6,16.7
76,76364,JAMUNDÍ,14.9,11.3,28.8
76,76377,LA CUMBRE,25.3,20.1,26.7
76,76400,LA UNIÓN,22.5,20.2,34.3
76,76403,LA VICTORIA,22.9,18.8,33.7
76,76497,OBANDO,31.2,24.9,48.8
76,76520,PALMIRA,11.5,10.8,13.8
76,76563,PRADERA,24.8,24.0,31.0
76,76606,RESTREPO,20.7,16.8,29.0
76,76616,RIOFRÍO,23.2,16.2,29.0
76,76622,ROLDANILLO,16.5,13.0,27.0
76,76670,SAN PEDRO,18.0,13.4,21.7
76,76736,SEVILLA,27.4,23.8,39.8
76,76823,TORO,32.1,26.2,45.2
76,76828,TRUJILLO,34.9,25.4,43.3
76,76834,TULUÁ,13.7,11.6,24.5
76,76845,ULLOA,24.2,19.5,28.3
76,76863,VERSALLES,30.6,15.9,46.8
76,76869,VIJES,19.0,13.0,33.2
76,76890,YOTOCO,20.8,17.0,25.3
76,76892,YUMBO,15.6,15.3,18.0
76,76895,ZARZAL,17.2,15.8,21.5
81,81001,ARAUCA,38.6,35.4,60.0
81,81065,ARAUQUITA,49.2,40.1,52.9
81,81220,CRAVO NORTE,48.8,45.5,57.8
81,81300,FORTUL,48.3,43.4,53.9
81,81591,PUERTO RONDÓN,45.0,38.7,60.0
81,81736,SARAVENA,39.4,34.1,56.5
81,81794,TAME,41.9,32.8,57.8
85,85001,YOPAL,22.9,20.1,39.5
85,85010,AGUAZUL,27.0,22.1,40.3
85,85015,CHÁMEZA,36.0,20.0,62.0
85,85125,HATO COROZAL,56.1,45.1,65.1
85,85136,LA SALINA,48.1,23.2,70.1
85,85139,MANÍ,30.3,28.2,36.5
85,85162,MONTERREY,27.5,25.3,33.6
85,85225,NUNCHÍA,56.4,26.7,64.3
85,85230,OROCUÉ,45.8,31.1,72.8
85,85250,PAZ DE ARIPORO,37.8,30.7,54.7
85,85263,PORE,45.2,35.9,60.1
85,85279,RECETOR,39.3,21.1,44.4
85,85300,SABANALARGA,34.2,27.2,42.2
85,85315,SÁCAMA,32.5,21.7,43.8
85,85325,SAN LUIS DE PALENQUE,37.0,21.5,46.2
85,85400,TÁMARA,55.0,25.6,64.5
85,85410,TAURAMENA,27.2,22.3,37.0
85,85430,TRINIDAD,38.7,30.7,49.9
85,85440,VILLANUEVA,24.6,22.4,32.3
86,86001,MOCOA,24.8,20.2,37.3
86,86219,COLÓN,22.6,17.4,31.4
86,86320,ORITO,39.8,32.2,48.9
86,86568,PUERTO ASÍS,44.1,36.7,56.5
86,86569,PUERTO CAICEDO,38.9,24.1,49.2
86,86571,PUERTO GUZMÁN,62.2,43.1,68.9
86,86573,PUERTO LEGUÍZAMO,53.6,39.3,70.2
86,86749,SIBUNDOY,23.0,22.3,24.8
86,86755,SAN FRANCISCO,23.5,22.0,25.7
86,86757,SAN MIGUEL,48.5,39.4,53.0
86,86760,SANTIAGO,37.2,30.3,44.1
86,86865,VALLE DEL GUAMUEZ,41.0,34.8,46.9
86,86885,VILLAGARZÓN,37.1,28.8,48.7
88,88001,SAN ANDRÉS,16.8,17.6,15.1
88,88564,PROVIDENCIA,13.7,12.1,15.0
91,91001,LETICIA,48.4,41.9,67.8
91,91263,EL ENCANTO (ANM),77.5,,77.5
91,91405,LA CHORRERA (ANM),88.1,,88.1
91,91407,LA PEDRERA (ANM),90.9,,90.9
91,91430,LA VICTORIA (ANM),96.4,,96.4
91,91460,MIRITÍ - PARANÁ (ANM),91.2,,91.2
91,91530,PUERTO ALEGRÍA (ANM),82.4,,82.4
91,91536,PUERTO ARICA (ANM),84.6,,84.6
91,91540,PUERTO NARIÑO,70.4,51.6,79.2
91,91669,PUERTO SANTANDER (ANM),88.7,,88.7
91,91798,TARAPACÁ (ANM),80.0,,80.0
94,94001,INÍRIDA,67.2,59.5,85.6
94,94343,BARRANCOMINAS (ANM),86.5,,86.5
94,94663,MAPIRIPANA (ANM),95.5,,95.5
94,94883,SAN FELIPE (ANM),88.3,,88.3
94,94884,PUERTO COLOMBIA (ANM),96.3,,96.3
94,94885,LA GUADALUPE (ANM),84.1,,84.1
94,94886,CACAHUAL (ANM),90.1,,90.1
94,94887,PANA PANA (ANM),98.5,,98.5
94,94888,MORICHAL (ANM),95.7,,95.7
95,95001,SAN JOSÉ DEL GUAVIARE,42.1,33.8,65.1
95,95015,CALAMAR,58.0,54.7,61.3
95,95025,EL RETORNO,51.5,33.4,59.2
95,95200,MIRAFLORES,66.7,54.7,73.0
97,97001,MITÚ,74.8,44.9,91.4
97,97161,CARURÚ,81.1,60.3,94.8
97,97511,PACOA (ANM),98.4,,98.4
97,97666,TARAIRA,85.6,57.4,99.2
97,97777,PAPUNAHUA (ANM),97.9,,97.9
97,97889,YAVARATÉ (ANM),94.8,,94.8
99,99001,PUERTO CARREÑO,55.7,47.6,76.4
99,99524,LA PRIMAVERA,63.2,57.0,71.9
99,99624,SANTA ROSALÍA,56.8,50.1,68.4
99,99773,CUMARIBO,91.4,43.2,94.9
